Job Title,Job URL
Rekruter Terenowy,"https://www.pracuj.pl/praca/rekruter-terenowy-warszawa,oferta,1003967086?s=1d1c95fd&searchId=MTc0Mjc1NDUzOTk3OS4xMDU1"
Młodszy Specjalista ds. Homologacji i Rejestracji,"https://www.pracuj.pl/praca/mlodszy-specjalista-ds-homologacji-i-rejestracji-warszawa,oferta,1003945101?s=1d1c95fd&searchId=MTc0Mjc1NDUzOTk3OS4xMDU1"
Key Account Manager,"https://www.pracuj.pl/praca/key-account-manager-warszawa-szturmowa-2,oferta,1003966991?s=1d1c95fd&searchId=MTc0Mjc1NDUzOTk3OS4xMDU1"
Doradca Klienta,"https://www.pracuj.pl/praca/doradca-klienta-warszawa-chmielna-132-134,oferta,1003909271?s=1d1c95fd&searchId=MTc0Mjc1NDUzOTk3OS4xMDU1"
Junior Sales Specialist,"https://www.pracuj.pl/praca/junior-sales-specialist-warszawa-chmielna-132-134,oferta,1003938399?s=1d1c95fd&searchId=MTc0Mjc1NDUzOTk3OS4xMDU1"
Fullstack Developer (.NET i Angular),"https://www.pracuj.pl/praca/fullstack-developer-net-i-angular-warszawa-aleja-slowianska-10b,oferta,1003932674?s=1d1c95fd&searchId=MTc0Mjc1NDUzOTk3OS4xMDU1"
Specjalista ds. sprzedaży w salonie Orange,No URL found
Doradca Klienta Indywidualnego,"https://www.pracuj.pl/praca/doradca-klienta-indywidualnego-warszawa-nowogrodzka-42,oferta,1003915100?s=1d1c95fd&searchId=MTc0Mjc1NDUzOTk3OS4xMDU1"
Ankieter terenowy,"https://www.pracuj.pl/praca/ankieter-terenowy-warszawa,oferta,1003924173?s=1d1c95fd&searchId=MTc0Mjc1NDUzOTk3OS4xMDU1"
Zastępca Kierownika Sklepu,"https://www.pracuj.pl/praca/zastepca-kierownika-sklepu-grodzisk-mazowiecki,oferta,1003932535?s=1d1c95fd&searchId=MTc0Mjc1NDUzOTk3OS4xMDU1"
Zastępca Kierownika Sklepu,No URL found
Przedstawicielka Ubezpieczeniowa / Przedstawiciel Ubezpieczeniowy,"https://www.pracuj.pl/praca/przedstawicielka-ubezpieczeniowa-przedstawiciel-ubezpieczeniowy-warszawa,oferta,1003932659?s=1d1c95fd&searchId=MTc0Mjc1NDUzOTk3OS4xMDU1"
Doradca Klienta – salon łazienek,"https://www.pracuj.pl/praca/doradca-klienta-salon-lazienek-sekocin-nowy-pow-pruszkowski-aleja-krakowska-57,oferta,1003932569?s=1d1c95fd&searchId=MTc0Mjc1NDUzOTk3OS4xMDU1"
Informatica PowerCenter Developer,"https://www.pracuj.pl/praca/informatica-powercenter-developer-warszawa,oferta,1003938178?s=1d1c95fd&searchId=MTc0Mjc1NDUzOTk3OS4xMDU1"
Ekspert ds. kredytów hipotecznych w Sieci Stacjonarnej mFinanse,"https://www.pracuj.pl/praca/ekspert-ds-kredytow-hipotecznych-w-sieci-stacjonarnej-mfinanse-warszawa,oferta,1003938666?s=1d1c95fd&searchId=MTc0Mjc1NDUzOTk3OS4xMDU1"
Ekspert ds. kredytów firmowych w Sieci Stacjonarnej mFinanse,"https://www.pracuj.pl/praca/ekspert-ds-kredytow-firmowych-w-sieci-stacjonarnej-mfinanse-warszawa,oferta,1003938682?s=1d1c95fd&searchId=MTc0Mjc1NDUzOTk3OS4xMDU1"
Specjalista ds. Finansowych,"https://www.pracuj.pl/praca/specjalista-ds-finansowych-piaseczno,oferta,1003938062?s=1d1c95fd&searchId=MTc0Mjc1NDUzOTk3OS4xMDU1"
Dyrektor Oddziału,"https://www.pracuj.pl/praca/dyrektor-oddzialu-warszawa,oferta,1003938885?s=1d1c95fd&searchId=MTc0Mjc1NDUzOTk3OS4xMDU1"
Menedżer(-ka) zespołu ekspertów finansowych,"https://www.pracuj.pl/praca/menedzer-ka-zespolu-ekspertow-finansowych-warszawa,oferta,1003954727?s=1d1c95fd&searchId=MTc0Mjc1NDUzOTk3OS4xMDU1"
Analityk Business Intelligence,"https://www.pracuj.pl/praca/analityk-business-intelligence-warszawa-stanislawa-zaryna-2a,oferta,1003942011?s=1d1c95fd&searchId=MTc0Mjc1NDUzOTk3OS4xMDU1"
Mobilny Przedstawiciel Handlowy,"https://www.pracuj.pl/praca/mobilny-przedstawiciel-handlowy-warszawa,oferta,1003954755?s=1d1c95fd&searchId=MTc0Mjc1NDUzOTk3OS4xMDU1"
Sr Engineer - Technical Support,"https://www.pracuj.pl/praca/sr-engineer-technical-support-warszawa-prosta-67,oferta,1003954614?s=1d1c95fd&searchId=MTc0Mjc1NDUzOTk3OS4xMDU1"
Pracownik działu IT - Helpdesk,"https://www.pracuj.pl/praca/pracownik-dzialu-it-helpdesk-bydgoszcz-fordonska-21,oferta,1003955032?s=1d1c95fd&searchId=MTc0Mjc1NDUzOTk3OS4xMDU1"
Strategic Senior Account Manager,"https://www.pracuj.pl/praca/strategic-senior-account-manager-warszawa-jana-olbrachta-94,oferta,1003954770?s=1d1c95fd&searchId=MTc0Mjc1NDUzOTk3OS4xMDU1"
Customer Success Representative with German,"https://www.pracuj.pl/praca/customer-success-representative-with-german-warszawa,oferta,1003954836?s=1d1c95fd&searchId=MTc0Mjc1NDUzOTk3OS4xMDU1"
Kierownik Zespołu Bankowości Detalicznej,"https://www.pracuj.pl/praca/kierownik-zespolu-bankowosci-detalicznej-grodzisk-mazowiecki,oferta,1003954768?s=1d1c95fd&searchId=MTc0Mjc1NDUzOTk3OS4xMDU1"
Account Manager,"https://www.pracuj.pl/praca/account-manager-warszawa-mlynarska-42,oferta,1003955171?s=1d1c95fd&searchId=MTc0Mjc1NDUzOTk3OS4xMDU1"
Opiekun Klienta,No URL found
"Key Account Manager (opakowania z tektury litej, falistej, kaszerowanej, POS, folie, etykiety, PET, tworzywa sztuczne)","https://www.pracuj.pl/praca/key-account-manager-opakowania-z-tektury-litej-falistej-kaszerowanej-pos-folie-e-warszawa,oferta,1003955103?s=1d1c95fd&searchId=MTc0Mjc1NDUzOTk3OS4xMDU1"
Specjalista ds. handlowych,"https://www.pracuj.pl/praca/specjalista-ds-handlowych-warszawa-zablocka-9,oferta,1003954892?s=1d1c95fd&searchId=MTc0Mjc1NDUzOTk3OS4xMDU1"
Loss Prevention Specialist,"https://www.pracuj.pl/praca/loss-prevention-specialist-warszawa-domaniewska-28,oferta,1003955191?s=1d1c95fd&searchId=MTc0Mjc1NDUzOTk3OS4xMDU1"
Kierownik Sklepu,"https://www.pracuj.pl/praca/kierownik-sklepu-warszawa,oferta,1003967128?s=1d1c95fd&searchId=MTc0Mjc1NDUzOTk3OS4xMDU1"
Sprzedawca / Doradca Klienta,No URL found
Młodszy specjalista IT,"https://www.pracuj.pl/praca/mlodszy-specjalista-it-warszawa-chelmzynska-249,oferta,1003970893?s=1d1c95fd&searchId=MTc0Mjc1NDUzOTk3OS4xMDU1"
Sales Specialist in Credit Sales Team (Polish speaker),"https://www.pracuj.pl/praca/sales-specialist-in-credit-sales-team-polish-speaker-warszawa,oferta,1003967218?s=1d1c95fd&searchId=MTc0Mjc1NDUzOTk3OS4xMDU1"
Specjalista ds. Bezpieczeństwa IT,"https://www.pracuj.pl/praca/specjalista-ds-bezpieczenstwa-it-warszawa-aleje-jerozolimskie-162,oferta,1003967246?s=1d1c95fd&searchId=MTc0Mjc1NDUzOTk3OS4xMDU1"
Key Account Manager - branża kosmetyczna,"https://www.pracuj.pl/praca/key-account-manager-branza-kosmetyczna-warszawa,oferta,1003967279?s=1d1c95fd&searchId=MTc0Mjc1NDUzOTk3OS4xMDU1"
Senior DataOps Engineer,"https://www.pracuj.pl/praca/senior-dataops-engineer-wroclaw-mosiezna-23,oferta,1003966987?s=1d1c95fd&searchId=MTc0Mjc1NDUzOTk3OS4xMDU1"
Opiekun Klienta - mKiosk mBanku,No URL found
"Programista C++, Java","https://www.pracuj.pl/praca/programista-c%2b%2b-java-warszawa-adama-branickiego-13,oferta,1003970831?s=1d1c95fd&searchId=MTc0Mjc1NDUzOTk3OS4xMDU1"
Starszy Administrator Linux,"https://www.pracuj.pl/praca/starszy-administrator-linux-warszawa-adama-branickiego-13,oferta,1003970829?s=1d1c95fd&searchId=MTc0Mjc1NDUzOTk3OS4xMDU1"
Menadżer Rozwoju Rynku – branża instalacyjno-grzewcza,"https://www.pracuj.pl/praca/menadzer-rozwoju-rynku-branza-instalacyjno-grzewcza-warszawa,oferta,1003970897?s=1d1c95fd&searchId=MTc0Mjc1NDUzOTk3OS4xMDU1"
Data Scientist – Molecular Diagnostics,"https://www.pracuj.pl/praca/data-scientist-molecular-diagnostics-warszawa-aleja-niepodleglosci-69,oferta,1003976955?s=1d1c95fd&searchId=MTc0Mjc1NDUzOTk3OS4xMDU1"
Doradca Klienta ds. OZE,"https://www.pracuj.pl/praca/doradca-klienta-ds-oze-warszawa,oferta,1003976984?s=1d1c95fd&searchId=MTc0Mjc1NDUzOTk3OS4xMDU1"
Inżynier Sprzedaży,"https://www.pracuj.pl/praca/inzynier-sprzedazy-loziska-pow-piaseczynski-fabryczna-3,oferta,1003973904?s=1d1c95fd&searchId=MTc0Mjc1NDUzOTk3OS4xMDU1"
AWS Cloud Engineer/Architect,"https://www.pracuj.pl/praca/aws-cloud-engineer-architect-warszawa,oferta,1003982867?s=1d1c95fd&searchId=MTc0Mjc1NDUzOTk3OS4xMDU1"
Partner/ka Biznesowy/a ds. OZE,"https://www.pracuj.pl/praca/partner-ka-biznesowy-a-ds-oze-warszawa,oferta,1003985950?s=1d1c95fd&searchId=MTc0Mjc1NDUzOTk3OS4xMDU1"
Doradca Klienta z j. angielskim,"https://www.pracuj.pl/praca/doradca-klienta-z-j-angielskim-warszawa,oferta,1003966982?s=1d1c95fd&searchId=MTc0Mjc1NDUzOTk3OS4xMDU1"
Partner Relations Expert – Modivo Marketplace,"https://www.pracuj.pl/praca/partner-relations-expert-modivo-marketplace-warszawa-plac-marszalka-jozefa-pilsudskiego-1,oferta,1003966976?s=1d1c95fd&searchId=MTc0Mjc1NDUzOTk3OS4xMDU1"
Cloud Solutions Architect,"https://www.pracuj.pl/praca/cloud-solutions-architect-wroclaw-sucha-3,oferta,1003973709?s=1d1c95fd&searchId=MTc0Mjc1NDUzOTk3OS4xMDU1"
